content_count,num_authors,num_authors_at_least
9,1,12637
10,3,12636
11,6,12633
12,4,12627
13,5,12623
14,3,12618
15,9,12615
16,4,12606
17,5,12602
18,7,12597
19,9,12590
20,10,12581
21,9,12571
22,12,12562
23,16,12550
24,14,12534
25,13,12520
26,13,12507
27,18,12494
28,7,12476
29,14,12469
30,16,12455
31,23,12439
32,23,12416
33,14,12393
34,14,12379
35,23,12365
36,17,12342
37,22,12325
38,17,12303
39,22,12286
40,19,12264
41,23,12245
42,22,12222
43,25,12200
44,24,12175
45,22,12151
46,22,12129
47,18,12107
48,19,12089
49,28,12070
50,18,12042
51,17,12024
52,21,12007
53,21,11986
54,29,11965
55,29,11936
56,24,11907
57,26,11883
58,37,11857
59,26,11820
60,26,11794
61,25,11768
62,31,11743
63,36,11712
64,33,11676
65,28,11643
66,23,11615
67,27,11592
68,33,11565
69,29,11532
70,32,11503
71,35,11471
72,32,11436
73,24,11404
74,29,11380
75,30,11351
76,20,11321
77,24,11301
78,31,11277
79,30,11246
80,25,11216
81,31,11191
82,24,11160
83,30,11136
84,32,11106
85,34,11074
86,33,11040
87,29,11007
88,28,10978
89,17,10950
90,32,10933
91,34,10901
92,27,10867
93,23,10840
94,25,10817
95,29,10792
96,28,10763
97,25,10735
98,33,10710
99,36,10677
100,31,10641
101,15,10610
102,22,10595
103,18,10573
104,22,10555
105,29,10533
106,31,10504
107,24,10473
108,26,10449
109,28,10423
110,30,10395
111,24,10365
112,30,10341
113,19,10311
114,32,10292
115,21,10260
116,36,10239
117,28,10203
118,20,10175
119,20,10155
120,21,10135
121,25,10114
122,27,10089
123,31,10062
124,26,10031
125,18,10005
126,24,9987
127,32,9963
128,21,9931
129,22,9910
130,21,9888
131,24,9867
132,24,9843
133,30,9819
134,20,9789
135,25,9769
136,21,9744
137,23,9723
138,22,9700
139,25,9678
140,21,9653
141,23,9632
142,24,9609
143,32,9585
144,22,9553
145,31,9531
146,25,9500
147,16,9475
148,25,9459
149,17,9434
150,23,9417
151,12,9394
152,33,9382
153,18,9349
154,25,9331
155,22,9306
156,25,9284
157,26,9259
158,27,9233
159,24,9206
160,18,9182
161,21,9164
162,26,9143
163,28,9117
164,25,9089
165,18,9064
166,22,9046
167,23,9024
168,16,9001
169,22,8985
170,13,8963
171,21,8950
172,15,8929
173,20,8914
174,20,8894
175,23,8874
176,23,8851
177,21,8828
178,20,8807
179,24,8787
180,24,8763
181,19,8739
182,20,8720
183,17,8700
184,24,8683
185,27,8659
186,20,8632
187,15,8612
188,26,8597
189,17,8571
190,29,8554
191,18,8525
192,17,8507
193,17,8490
194,12,8473
195,13,8461
196,23,8448
197,19,8425
198,10,8406
199,21,8396
200,18,8375
201,14,8357
202,18,8343
203,15,8325
204,21,8310
205,19,8289
206,17,8270
207,15,8253
208,13,8238
209,19,8225
210,26,8206
211,10,8180
212,19,8170
213,12,8151
214,23,8139
215,20,8116
216,15,8096
217,21,8081
218,15,8060
219,18,8045
220,16,8027
221,21,8011
222,18,7990
223,18,7972
224,20,7954
225,18,7934
226,17,7916
227,11,7899
228,13,7888
229,18,7875
230,21,7857
231,17,7836
232,17,7819
233,15,7802
234,20,7787
235,14,7767
236,10,7753
237,15,7743
238,18,7728
239,19,7710
240,21,7691
241,24,7670
242,11,7646
243,18,7635
244,14,7617
245,10,7603
246,12,7593
247,17,7581
248,16,7564
249,14,7548
250,23,7534
251,13,7511
252,11,7498
253,16,7487
254,12,7471
255,17,7459
256,13,7442
257,10,7429
258,17,7419
259,16,7402
260,13,7386
261,11,7373
262,16,7362
263,18,7346
264,12,7328
265,17,7316
266,7,7299
267,14,7292
268,15,7278
269,16,7263
270,16,7247
271,7,7231
272,12,7224
273,17,7212
274,15,7195
275,14,7180
276,17,7166
277,16,7149
278,18,7133
279,10,7115
280,13,7105
281,18,7092
282,20,7074
283,20,7054
284,12,7034
285,14,7022
286,10,7008
287,12,6998
288,8,6986
289,6,6978
290,12,6972
291,15,6960
292,13,6945
293,9,6932
294,15,6923
295,13,6908
296,15,6895
297,18,6880
298,19,6862
299,6,6843
300,14,6837
301,10,6823
302,19,6813
303,8,6794
304,12,6786
305,19,6774
306,20,6755
307,13,6735
308,13,6722
309,11,6709
310,8,6698
311,20,6690
312,10,6670
313,9,6660
314,12,6651
315,10,6639
316,14,6629
317,10,6615
318,15,6605
319,7,6590
320,11,6583
321,12,6572
322,11,6560
323,19,6549
324,5,6530
325,8,6525
326,13,6517
327,14,6504
328,24,6490
329,8,6466
330,8,6458
331,8,6450
332,11,6442
333,6,6431
334,17,6425
335,7,6408
336,13,6401
337,12,6388
338,12,6376
339,10,6364
340,3,6354
341,6,6351
342,12,6345
343,9,6333
344,11,6324
345,7,6313
346,4,6306
347,9,6302
348,11,6293
349,8,6282
350,10,6274
351,11,6264
352,15,6253
353,18,6238
354,11,6220
355,12,6209
356,8,6197
357,5,6189
358,10,6184
359,6,6174
360,12,6168
361,15,6156
362,6,6141
363,9,6135
364,14,6126
365,12,6112
366,10,6100
367,10,6090
368,13,6080
369,8,6067
370,11,6059
371,6,6048
372,13,6042
373,10,6029
374,7,6019
375,13,6012
376,12,5999
377,12,5987
378,13,5975
379,11,5962
380,9,5951
381,11,5942
382,11,5931
383,6,5920
384,7,5914
385,9,5907
386,4,5898
387,4,5894
388,7,5890
389,10,5883
390,6,5873
391,12,5867
392,11,5855
393,5,5844
394,6,5839
395,8,5833
396,13,5825
397,10,5812
398,8,5802
399,12,5794
400,12,5782
401,10,5770
402,6,5760
403,8,5754
404,11,5746
405,11,5735
406,7,5724
407,3,5717
408,12,5714
409,9,5702
410,5,5693
411,7,5688
412,11,5681
413,8,5670
414,10,5662
415,2,5652
416,5,5650
417,4,5645
418,6,5641
419,6,5635
420,8,5629
421,14,5621
422,14,5607
423,5,5593
424,13,5588
425,9,5575
426,11,5566
427,8,5555
428,10,5547
429,13,5537
430,7,5524
431,9,5517
432,7,5508
433,5,5501
434,10,5496
435,6,5486
436,6,5480
437,10,5474
438,9,5464
439,6,5455
440,10,5449
441,5,5439
442,9,5434
443,7,5425
444,4,5418
445,19,5414
446,8,5395
447,11,5387
448,5,5376
449,4,5371
450,6,5367
451,10,5361
452,8,5351
453,4,5343
454,8,5339
455,6,5331
456,9,5325
457,11,5316
458,7,5305
459,7,5298
460,8,5291
461,8,5283
462,7,5275
463,4,5268
464,6,5264
465,11,5258
466,10,5247
467,6,5237
468,3,5231
469,4,5228
470,5,5224
471,5,5219
472,16,5214
473,7,5198
474,12,5191
475,5,5179
476,8,5174
477,7,5166
478,11,5159
479,8,5148
480,10,5140
481,4,5130
482,5,5126
483,6,5121
484,3,5115
485,11,5112
486,1,5101
487,9,5100
488,5,5091
489,7,5086
490,6,5079
491,6,5073
492,3,5067
493,7,5064
494,10,5057
495,8,5047
496,7,5039
497,5,5032
498,10,5027
499,8,5017
500,7,5009
501,5,5002
502,8,4997
503,8,4989
504,5,4981
505,3,4976
506,9,4973
507,7,4964
508,9,4957
509,5,4948
510,7,4943
511,6,4936
512,2,4930
513,7,4928
514,4,4921
515,6,4917
516,4,4911
517,3,4907
518,6,4904
519,4,4898
520,5,4894
521,6,4889
522,7,4883
523,9,4876
524,6,4867
525,3,4861
526,3,4858
527,9,4855
528,7,4846
529,1,4839
530,9,4838
531,4,4829
532,5,4825
533,10,4820
534,3,4810
535,6,4807
536,7,4801
537,7,4794
538,6,4787
539,4,4781
540,4,4777
541,8,4773
542,6,4765
543,9,4759
544,7,4750
545,4,4743
546,8,4739
547,4,4731
548,7,4727
549,9,4720
550,6,4711
551,3,4705
552,6,4702
553,10,4696
554,5,4686
555,5,4681
556,3,4676
557,5,4673
558,4,4668
559,9,4664
560,6,4655
561,6,4649
562,6,4643
563,6,4637
564,8,4631
565,6,4623
566,10,4617
567,5,4607
568,4,4602
569,5,4598
570,3,4593
571,8,4590
572,7,4582
573,7,4575
574,6,4568
575,3,4562
576,8,4559
577,10,4551
578,6,4541
579,5,4535
580,6,4530
581,5,4524
582,8,4519
583,6,4511
584,9,4505
585,5,4496
586,6,4491
587,5,4485
588,3,4480
589,5,4477
590,5,4472
591,5,4467
592,4,4462
593,3,4458
594,6,4455
595,4,4449
596,5,4445
597,6,4440
598,5,4434
599,2,4429
600,11,4427
601,3,4416
602,3,4413
603,5,4410
604,3,4405
605,6,4402
606,6,4396
607,7,4390
608,2,4383
609,9,4381
610,5,4372
611,6,4367
612,4,4361
613,4,4357
614,4,4353
615,4,4349
616,7,4345
617,8,4338
618,7,4330
619,5,4323
620,4,4318
621,6,4314
622,8,4308
623,7,4300
624,3,4293
625,4,4290
626,3,4286
627,2,4283
628,6,4281
629,4,4275
630,3,4271
631,6,4268
632,7,4262
633,8,4255
634,6,4247
635,6,4241
636,6,4235
637,6,4229
638,3,4223
639,5,4220
640,7,4215
641,6,4208
643,7,4202
644,7,4195
645,1,4188
646,10,4187
647,4,4177
648,5,4173
649,4,4168
650,4,4164
651,9,4160
652,3,4151
653,5,4148
654,4,4143
655,3,4139
656,4,4136
657,6,4132
658,6,4126
659,4,4120
660,4,4116
661,2,4112
662,3,4110
663,5,4107
664,7,4102
665,8,4095
666,6,4087
667,6,4081
668,5,4075
669,8,4070
670,1,4062
671,3,4061
672,1,4058
673,10,4057
674,3,4047
675,5,4044
676,2,4039
677,7,4037
678,4,4030
679,2,4026
680,5,4024
681,5,4019
682,2,4014
683,7,4012
684,4,4005
685,6,4001
686,6,3995
687,4,3989
688,2,3985
689,8,3983
690,6,3975
691,4,3969
692,3,3965
693,3,3962
694,6,3959
695,3,3953
696,5,3950
697,4,3945
698,6,3941
699,5,3935
700,5,3930
701,6,3925
702,5,3919
703,2,3914
704,4,3912
705,5,3908
706,5,3903
707,3,3898
708,5,3895
709,6,3890
710,4,3884
711,1,3880
712,2,3879
713,3,3877
714,2,3874
715,5,3872
716,7,3867
717,3,3860
718,4,3857
719,2,3853
720,3,3851
721,7,3848
722,2,3841
723,8,3839
724,4,3831
725,4,3827
726,6,3823
727,4,3817
728,5,3813
729,2,3808
730,6,3806
731,5,3800
733,1,3795
734,5,3794
735,1,3789
736,3,3788
737,1,3785
738,3,3784
739,5,3781
740,4,3776
741,5,3772
742,3,3767
743,1,3764
744,4,3763
745,7,3759
746,2,3752
747,3,3750
748,8,3747
749,2,3739
750,2,3737
751,6,3735
752,3,3729
753,3,3726
754,4,3723
755,5,3719
756,7,3714
757,2,3707
758,4,3705
759,6,3701
760,5,3695
761,1,3690
762,5,3689
763,6,3684
764,5,3678
765,4,3673
766,2,3669
767,2,3667
768,7,3665
769,1,3658
770,4,3657
771,1,3653
772,6,3652
773,4,3646
774,4,3642
775,5,3638
776,5,3633
777,4,3628
778,4,3624
779,3,3620
780,8,3617
781,3,3609
782,5,3606
783,3,3601
784,5,3598
785,4,3593
786,3,3589
787,4,3586
788,9,3582
789,3,3573
791,3,3570
792,3,3567
793,5,3564
794,7,3559
795,3,3552
796,6,3549
797,3,3543
798,4,3540
799,3,3536
800,1,3533
801,8,3532
802,6,3524
803,7,3518
804,4,3511
805,3,3507
806,6,3504
807,4,3498
808,1,3494
809,6,3493
810,2,3487
811,5,3485
812,4,3480
813,2,3476
814,1,3474
815,2,3473
816,1,3471
817,3,3470
818,7,3467
819,4,3460
820,1,3456
821,5,3455
822,4,3450
823,4,3446
824,3,3442
825,5,3439
826,12,3434
827,3,3422
828,2,3419
829,4,3417
830,5,3413
831,3,3408
832,1,3405
833,4,3404
834,3,3400
835,5,3397
836,3,3392
837,3,3389
838,4,3386
839,3,3382
840,3,3379
841,5,3376
842,9,3371
843,3,3362
844,2,3359
845,4,3357
846,3,3353
847,1,3350
848,1,3349
849,3,3348
850,7,3345
851,1,3338
852,6,3337
854,1,3331
856,2,3330
857,3,3328
858,3,3325
859,5,3322
860,4,3317
861,3,3313
862,4,3310
863,3,3306
864,1,3303
865,1,3302
866,3,3301
867,4,3298
868,2,3294
869,6,3292
870,3,3286
871,2,3283
872,2,3281
873,3,3279
874,4,3276
875,3,3272
876,8,3269
877,4,3261
878,3,3257
879,6,3254
880,4,3248
881,3,3244
882,1,3241
883,4,3240
885,3,3236
886,2,3233
887,2,3231
888,3,3229
889,3,3226
890,4,3223
891,4,3219
892,7,3215
893,4,3208
894,1,3204
895,1,3203
896,2,3202
897,4,3200
898,7,3196
899,4,3189
900,2,3185
901,2,3183
902,4,3181
903,3,3177
904,3,3174
905,3,3171
906,1,3168
907,3,3167
908,2,3164
909,1,3162
910,2,3161
911,5,3159
912,1,3154
913,3,3153
914,1,3150
915,5,3149
916,1,3144
917,2,3143
918,1,3141
919,1,3140
920,1,3139
921,3,3138
922,3,3135
923,4,3132
924,2,3128
925,7,3126
926,4,3119
927,4,3115
928,2,3111
929,1,3109
930,4,3108
931,4,3104
932,4,3100
933,3,3096
934,5,3093
935,5,3088
936,1,3083
937,2,3082
938,4,3080
939,3,3076
940,4,3073
941,3,3069
943,2,3066
944,4,3064
945,4,3060
946,2,3056
947,4,3054
948,4,3050
949,3,3046
950,3,3043
951,4,3040
952,2,3036
953,1,3034
954,3,3033
956,1,3030
957,1,3029
958,8,3028
959,2,3020
960,1,3018
961,4,3017
962,2,3013
963,1,3011
964,9,3010
965,3,3001
966,2,2998
967,1,2996
968,2,2995
969,3,2993
970,3,2990
971,5,2987
972,1,2982
973,3,2981
974,3,2978
975,3,2975
976,4,2972
978,4,2968
979,4,2964
980,5,2960
981,3,2955
982,2,2952
983,2,2950
984,1,2948
985,5,2947
987,3,2942
988,1,2939
989,3,2938
990,2,2935
991,2,2933
992,5,2931
993,3,2926
994,3,2923
995,5,2920
996,6,2915
997,3,2909
998,1,2906
1000,3,2905
1001,1,2902
1002,3,2901
1003,3,2898
1004,2,2895
1005,3,2893
1006,5,2890
1007,3,2885
1009,4,2882
1011,1,2878
1012,1,2877
1014,2,2876
1015,1,2874
1016,8,2873
1017,4,2865
1018,2,2861
1019,3,2859
1020,3,2856
1021,6,2853
1022,5,2847
1023,1,2842
1024,4,2841
1025,4,2837
1026,2,2833
1027,4,2831
1028,2,2827
1029,2,2825
1030,6,2823
1031,2,2817
1032,2,2815
1033,4,2813
1034,2,2809
1035,4,2807
1036,2,2803
1038,3,2801
1039,2,2798
1040,3,2796
1041,3,2793
1042,1,2790
1044,2,2789
1045,2,2787
1046,3,2785
1047,2,2782
1048,5,2780
1049,4,2775
1050,5,2771
1051,1,2766
1052,4,2765
1053,3,2761
1054,1,2758
1055,3,2757
1056,4,2754
1057,4,2750
1058,3,2746
1059,1,2743
1060,1,2742
1061,2,2741
1062,1,2739
1063,1,2738
1064,5,2737
1066,1,2732
1067,1,2731
1068,1,2730
1069,2,2729
1070,4,2727
1071,1,2723
1072,3,2722
1073,1,2719
1074,4,2718
1076,3,2714
1077,2,2711
1078,3,2709
1079,2,2706
1080,1,2704
1081,1,2703
1082,1,2702
1083,5,2701
1084,4,2696
1085,5,2692
1086,3,2687
1087,2,2684
1088,5,2682
1089,1,2677
1091,5,2676
1093,1,2671
1095,5,2670
1096,4,2665
1097,2,2661
1098,1,2659
1099,3,2658
1100,2,2655
1101,1,2653
1102,4,2652
1103,3,2648
1105,2,2645
1106,4,2643
1107,3,2639
1108,4,2636
1109,4,2632
1110,4,2628
1111,2,2624
1112,2,2622
1113,2,2620
1114,3,2618
1115,4,2615
1116,1,2611
1117,1,2610
1118,1,2609
1119,1,2608
1120,5,2607
1121,2,2602
1123,4,2600
1124,4,2596
1125,1,2592
1126,3,2591
1127,1,2588
1128,1,2587
1129,1,2586
1131,5,2585
1134,2,2580
1135,3,2578
1136,7,2575
1137,1,2568
1138,1,2567
1139,1,2566
1140,6,2565
1142,3,2559
1143,1,2556
1144,3,2555
1146,4,2552
1147,1,2548
1148,2,2547
1149,2,2545
1150,3,2543
1151,3,2540
1152,1,2537
1153,3,2536
1154,3,2533
1155,2,2530
1157,1,2528
1158,1,2527
1159,1,2526
1160,2,2525
1162,3,2523
1163,2,2520
1165,4,2518
1166,2,2514
1167,3,2512
1168,3,2509
1169,4,2506
1171,1,2502
1172,1,2501
1173,2,2500
1174,1,2498
1175,1,2497
1176,1,2496
1177,1,2495
1179,1,2494
1180,2,2493
1181,3,2491
1182,3,2488
1184,2,2485
1185,1,2483
1186,2,2482
1188,4,2480
1189,3,2476
1190,5,2473
1191,2,2468
1193,2,2466
1194,2,2464
1195,2,2462
1196,1,2460
1197,2,2459
1198,3,2457
1199,2,2454
1201,2,2452
1202,1,2450
1203,3,2449
1204,1,2446
1206,2,2445
1207,3,2443
1208,1,2440
1209,1,2439
1210,2,2438
1211,1,2436
1212,1,2435
1213,4,2434
1214,2,2430
1215,5,2428
1216,3,2423
1217,3,2420
1218,1,2417
1219,4,2416
1220,2,2412
1222,1,2410
1223,3,2409
1224,2,2406
1225,3,2404
1226,3,2401
1227,4,2398
1228,3,2394
1229,2,2391
1230,2,2389
1231,4,2387
1232,1,2383
1233,2,2382
1235,1,2380
1236,2,2379
1237,3,2377
1238,4,2374
1239,3,2370
1241,4,2367
1242,2,2363
1245,3,2361
1246,1,2358
1248,2,2357
1250,4,2355
1252,1,2351
1253,6,2350
1254,2,2344
1255,2,2342
1256,1,2340
1257,3,2339
1258,1,2336
1259,5,2335
1260,1,2330
1261,2,2329
1262,3,2327
1263,2,2324
1264,1,2322
1265,1,2321
1266,1,2320
1267,5,2319
1268,2,2314
1269,1,2312
1270,4,2311
1271,1,2307
1273,2,2306
1274,1,2304
1275,1,2303
1276,1,2302
1277,1,2301
1278,1,2300
1279,4,2299
1280,1,2295
1281,2,2294
1282,2,2292
1283,3,2290
1284,5,2287
1285,2,2282
1286,1,2280
1287,1,2279
1289,1,2278
1290,1,2277
1291,2,2276
1295,2,2274
1296,3,2272
1297,3,2269
1298,2,2266
1299,1,2264
1300,2,2263
1301,2,2261
1302,1,2259
1303,2,2258
1304,2,2256
1305,1,2254
1306,4,2253
1307,2,2249
1309,2,2247
1310,2,2245
1311,1,2243
1312,2,2242
1313,2,2240
1314,1,2238
1315,1,2237
1316,4,2236
1318,1,2232
1319,5,2231
1321,2,2226
1322,3,2224
1324,1,2221
1325,3,2220
1326,1,2217
1327,3,2216
1328,1,2213
1330,1,2212
1331,1,2211
1332,4,2210
1333,2,2206
1334,1,2204
1335,1,2203
1336,1,2202
1337,1,2201
1338,2,2200
1339,3,2198
1340,2,2195
1341,1,2193
1342,1,2192
1343,2,2191
1344,3,2189
1345,2,2186
1346,2,2184
1347,1,2182
1348,3,2181
1349,1,2178
1350,6,2177
1351,1,2171
1353,5,2170
1354,5,2165
1355,1,2160
1356,1,2159
1357,2,2158
1360,2,2156
1361,1,2154
1362,3,2153
1364,3,2150
1365,4,2147
1367,4,2143
1368,4,2139
1369,5,2135
1371,3,2130
1372,3,2127
1373,1,2124
1374,3,2123
1375,1,2120
1376,3,2119
1377,2,2116
1379,1,2114
1380,1,2113
1382,1,2112
1384,1,2111
1385,2,2110
1386,1,2108
1388,3,2107
1392,1,2104
1393,3,2103
1394,1,2100
1395,2,2099
1396,1,2097
1397,1,2096
1398,3,2095
1399,1,2092
1400,1,2091
1402,2,2090
1403,3,2088
1404,5,2085
1406,1,2080
1407,2,2079
1408,1,2077
1409,1,2076
1411,2,2075
1412,1,2073
1413,2,2072
1414,2,2070
1415,1,2068
1417,5,2067
1419,2,2062
1421,4,2060
1423,2,2056
1424,1,2054
1426,1,2053
1427,2,2052
1428,2,2050
1429,1,2048
1430,2,2047
1431,2,2045
1432,4,2043
1434,1,2039
1435,2,2038
1436,2,2036
1438,1,2034
1439,1,2033
1440,1,2032
1441,3,2031
1442,4,2028
1444,1,2024
1445,3,2023
1446,1,2020
1447,4,2019
1448,2,2015
1449,1,2013
1451,1,2012
1453,2,2011
1455,1,2009
1457,3,2008
1458,1,2005
1459,1,2004
1460,1,2003
1461,1,2002
1462,2,2001
1465,2,1999
1466,2,1997
1467,1,1995
1468,1,1994
1469,1,1993
1470,2,1992
1471,2,1990
1473,1,1988
1474,2,1987
1475,1,1985
1476,2,1984
1479,4,1982
1480,2,1978
1481,2,1976
1482,2,1974
1484,3,1972
1485,3,1969
1487,2,1966
1488,1,1964
1489,3,1963
1490,1,1960
1492,1,1959
1493,2,1958
1494,1,1956
1495,2,1955
1497,2,1953
1498,1,1951
1500,2,1950
1501,2,1948
1503,3,1946
1504,1,1943
1505,2,1942
1506,2,1940
1507,1,1938
1509,1,1937
1510,1,1936
1512,1,1935
1513,1,1934
1514,4,1933
1518,2,1929
1519,1,1927
1521,2,1926
1523,1,1924
1524,1,1923
1526,3,1922
1527,4,1919
1529,1,1915
1530,1,1914
1531,3,1913
1532,1,1910
1534,2,1909
1535,2,1907
1536,1,1905
1537,1,1904
1538,1,1903
1539,1,1902
1540,3,1901
1542,1,1898
1543,1,1897
1544,4,1896
1545,3,1892
1546,1,1889
1547,3,1888
1548,3,1885
1549,5,1882
1551,1,1877
1552,1,1876
1553,2,1875
1554,1,1873
1555,2,1872
1556,2,1870
1557,4,1868
1560,1,1864
1564,2,1863
1565,1,1861
1568,1,1860
1570,1,1859
1571,1,1858
1572,1,1857
1575,3,1856
1580,1,1853
1581,1,1852
1582,1,1851
1584,2,1850
1585,2,1848
1586,1,1846
1587,3,1845
1588,1,1842
1589,5,1841
1590,1,1836
1592,1,1835
1593,4,1834
1594,1,1830
1598,2,1829
1599,2,1827
1601,1,1825
1602,1,1824
1604,1,1823
1605,1,1822
1606,3,1821
1607,2,1818
1608,3,1816
1609,4,1813
1611,1,1809
1612,3,1808
1613,1,1805
1614,2,1804
1615,2,1802
1616,3,1800
1617,1,1797
1618,1,1796
1621,5,1795
1622,3,1790
1623,2,1787
1626,2,1785
1628,2,1783
1629,1,1781
1630,3,1780
1631,1,1777
1632,1,1776
1633,1,1775
1635,2,1774
1636,1,1772
1637,2,1771
1638,4,1769
1640,1,1765
1643,1,1764
1644,1,1763
1645,2,1762
1649,2,1760
1651,2,1758
1652,2,1756
1654,2,1754
1657,1,1752
1658,4,1751
1660,1,1747
1663,2,1746
1664,2,1744
1666,1,1742
1667,1,1741
1669,2,1740
1670,3,1738
1671,3,1735
1674,2,1732
1675,1,1730
1676,1,1729
1677,1,1728
1678,1,1727
1679,3,1726
1681,2,1723
1684,1,1721
1685,1,1720
1686,2,1719
1687,1,1717
1690,1,1716
1691,1,1715
1693,1,1714
1694,1,1713
1696,2,1712
1697,1,1710
1698,1,1709
1699,1,1708
1700,1,1707
1703,1,1706
1706,3,1705
1707,1,1702
1709,2,1701
1710,2,1699
1711,1,1697
1712,3,1696
1713,1,1693
1714,3,1692
1715,3,1689
1717,2,1686
1718,2,1684
1720,3,1682
1721,2,1679
1722,2,1677
1723,2,1675
1724,1,1673
1725,1,1672
1727,1,1671
1728,2,1670
1729,1,1668
1730,2,1667
1731,3,1665
1733,1,1662
1734,1,1661
1736,2,1660
1737,2,1658
1739,2,1656
1741,3,1654
1743,2,1651
1744,2,1649
1745,2,1647
1747,1,1645
1748,1,1644
1749,1,1643
1750,2,1642
1751,2,1640
1752,2,1638
1753,3,1636
1754,2,1633
1756,1,1631
1757,1,1630
1758,1,1629
1759,2,1628
1760,3,1626
1763,2,1623
1764,1,1621
1765,1,1620
1766,1,1619
1767,1,1618
1768,4,1617
1770,1,1613
1771,1,1612
1772,3,1611
1775,1,1608
1776,1,1607
1777,2,1606
1778,1,1604
1780,1,1603
1781,2,1602
1782,1,1600
1783,1,1599
1784,1,1598
1786,1,1597
1787,2,1596
1789,1,1594
1791,1,1593
1792,1,1592
1793,1,1591
1794,2,1590
1795,1,1588
1796,2,1587
1797,2,1585
1799,1,1583
1800,2,1582
1801,1,1580
1803,1,1579
1804,1,1578
1806,1,1577
1807,1,1576
1808,1,1575
1810,4,1574
1813,5,1570
1815,1,1565
1816,2,1564
1820,1,1562
1822,1,1561
1823,2,1560
1826,1,1558
1827,3,1557
1828,4,1554
1829,2,1550
1831,1,1548
1834,1,1547
1835,2,1546
1836,2,1544
1838,1,1542
1840,1,1541
1842,1,1540
1843,1,1539
1844,1,1538
1845,1,1537
1846,1,1536
1847,2,1535
1850,3,1533
1851,2,1530
1852,3,1528
1853,2,1525
1857,1,1523
1858,1,1522
1860,1,1521
1862,2,1520
1863,2,1518
1864,1,1516
1865,1,1515
1866,3,1514
1867,1,1511
1868,1,1510
1870,1,1509
1871,1,1508
1872,1,1507
1878,1,1506
1879,2,1505
1880,1,1503
1881,2,1502
1882,1,1500
1884,1,1499
1886,1,1498
1887,1,1497
1890,1,1496
1892,2,1495
1895,1,1493
1897,1,1492
1899,2,1491
1900,1,1489
1902,1,1488
1903,3,1487
1910,2,1484
1915,2,1482
1918,1,1480
1920,1,1479
1921,1,1478
1922,1,1477
1923,2,1476
1927,2,1474
1928,1,1472
1932,1,1471
1933,3,1470
1934,3,1467
1936,2,1464
1937,1,1462
1939,2,1461
1940,1,1459
1941,1,1458
1944,1,1457
1947,1,1456
1949,1,1455
1952,1,1454
1953,1,1453
1956,1,1452
1957,1,1451
1958,1,1450
1960,1,1449
1961,1,1448
1963,2,1447
1965,2,1445
1966,1,1443
1968,2,1442
1970,1,1440
1973,1,1439
1975,1,1438
1978,5,1437
1979,1,1432
1981,3,1431
1984,1,1428
1985,1,1427
1989,1,1426
1990,1,1425
1991,3,1424
1992,1,1421
1993,1,1420
1996,1,1419
2000,2,1418
2001,2,1416
2002,1,1414
2003,1,1413
2004,1,1412
2006,1,1411
2008,1,1410
2009,2,1409
2010,1,1407
2011,2,1406
2013,2,1404
2015,2,1402
2016,1,1400
2018,1,1399
2019,1,1398
2021,2,1397
2032,1,1395
2033,1,1394
2035,2,1393
2036,1,1391
2039,1,1390
2040,1,1389
2042,2,1388
2044,1,1386
2047,1,1385
2049,1,1384
2050,1,1383
2052,2,1382
2055,3,1380
2058,1,1377
2061,3,1376
2062,3,1373
2063,1,1370
2065,1,1369
2069,2,1368
2070,1,1366
2071,3,1365
2075,2,1362
2078,1,1360
2079,2,1359
2080,1,1357
2082,2,1356
2083,1,1354
2086,2,1353
2087,1,1351
2088,1,1350
2089,2,1349
2090,1,1347
2091,1,1346
2092,1,1345
2094,1,1344
2096,2,1343
2099,2,1341
2100,1,1339
2101,3,1338
2103,2,1335
2105,1,1333
2107,1,1332
2111,1,1331
2112,1,1330
2117,1,1329
2125,1,1328
2126,1,1327
2130,1,1326
2135,1,1325
2136,2,1324
2138,1,1322
2139,1,1321
2141,1,1320
2147,1,1319
2148,2,1318
2151,1,1316
2153,2,1315
2155,1,1313
2156,1,1312
2158,1,1311
2159,1,1310
2160,1,1309
2164,3,1308
2165,1,1305
2169,3,1304
2170,1,1301
2171,1,1300
2173,2,1299
2174,3,1297
2176,2,1294
2178,1,1292
2179,2,1291
2180,3,1289
2182,1,1286
2184,2,1285
2192,1,1283
2193,1,1282
2195,1,1281
2200,2,1280
2202,2,1278
2203,1,1276
2204,1,1275
2205,1,1274
2207,1,1273
2212,1,1272
2213,1,1271
2215,1,1270
2217,1,1269
2218,1,1268
2219,1,1267
2220,2,1266
2221,4,1264
2222,1,1260
2227,1,1259
2228,2,1258
2229,2,1256
2231,1,1254
2234,1,1253
2235,2,1252
2236,1,1250
2238,1,1249
2246,2,1248
2248,2,1246
2249,2,1244
2250,2,1242
2251,1,1240
2254,1,1239
2255,1,1238
2256,1,1237
2260,1,1236
2261,1,1235
2264,2,1234
2266,1,1232
2273,1,1231
2274,1,1230
2275,1,1229
2276,2,1228
2277,2,1226
2278,1,1224
2280,1,1223
2282,1,1222
2283,2,1221
2285,1,1219
2286,1,1218
2287,1,1217
2289,1,1216
2293,1,1215
2296,2,1214
2299,1,1212
2302,1,1211
2303,2,1210
2306,1,1208
2312,1,1207
2313,1,1206
2314,2,1205
2315,2,1203
2319,1,1201
2320,1,1200
2321,1,1199
2322,1,1198
2327,2,1197
2329,1,1195
2331,1,1194
2333,1,1193
2334,3,1192
2335,1,1189
2337,1,1188
2338,1,1187
2339,1,1186
2340,3,1185
2346,1,1182
2347,1,1181
2348,1,1180
2353,1,1179
2359,1,1178
2361,1,1177
2363,1,1176
2364,1,1175
2365,3,1174
2367,1,1171
2372,1,1170
2373,1,1169
2374,2,1168
2376,1,1166
2377,1,1165
2379,1,1164
2380,1,1163
2381,2,1162
2385,1,1160
2386,1,1159
2387,1,1158
2388,1,1157
2390,1,1156
2391,1,1155
2396,1,1154
2398,2,1153
2399,1,1151
2403,2,1150
2405,1,1148
2406,1,1147
2408,2,1146
2409,1,1144
2410,1,1143
2411,1,1142
2413,2,1141
2414,2,1139
2415,4,1137
2416,1,1133
2419,1,1132
2420,2,1131
2421,1,1129
2423,1,1128
2425,1,1127
2426,1,1126
2427,1,1125
2428,2,1124
2430,1,1122
2431,3,1121
2434,1,1118
2439,1,1117
2441,1,1116
2442,1,1115
2446,1,1114
2452,1,1113
2453,2,1112
2454,2,1110
2458,1,1108
2465,1,1107
2466,1,1106
2470,1,1105
2471,1,1104
2473,2,1103
2475,1,1101
2476,1,1100
2477,1,1099
2481,2,1098
2484,1,1096
2486,1,1095
2489,1,1094
2490,2,1093
2494,1,1091
2496,2,1090
2497,1,1088
2499,2,1087
2500,1,1085
2501,1,1084
2503,2,1083
2506,1,1081
2507,2,1080
2510,1,1078
2513,2,1077
2514,1,1075
2516,1,1074
2518,1,1073
2519,2,1072
2521,1,1070
2523,1,1069
2525,1,1068
2541,2,1067
2544,1,1065
2552,1,1064
2553,3,1063
2555,1,1060
2556,1,1059
2561,1,1058
2562,1,1057
2563,2,1056
2565,1,1054
2567,1,1053
2570,1,1052
2575,1,1051
2576,2,1050
2578,1,1048
2579,2,1047
2582,1,1045
2583,1,1044
2594,1,1043
2605,1,1042
2608,1,1041
2609,1,1040
2613,1,1039
2614,1,1038
2617,1,1037
2618,1,1036
2620,1,1035
2622,1,1034
2624,2,1033
2627,1,1031
2633,1,1030
2638,1,1029
2639,3,1028
2642,1,1025
2643,2,1024
2645,1,1022
2649,5,1021
2653,1,1016
2655,2,1015
2658,2,1013
2659,1,1011
2660,2,1010
2665,1,1008
2667,1,1007
2669,1,1006
2673,2,1005
2674,2,1003
2681,1,1001
2689,1,1000
2691,1,999
2692,1,998
2694,1,997
2697,1,996
2698,2,995
2700,1,993
2704,1,992
2710,1,991
2711,1,990
2712,2,989
2714,2,987
2715,1,985
2716,1,984
2719,1,983
2723,1,982
2724,1,981
2725,1,980
2726,1,979
2729,1,978
2730,1,977
2731,1,976
2732,1,975
2733,1,974
2734,2,973
2736,1,971
2737,1,970
2738,1,969
2739,2,968
2742,1,966
2745,1,965
2747,2,964
2748,1,962
2756,2,961
2761,1,959
2764,1,958
2768,1,957
2769,1,956
2771,1,955
2772,1,954
2773,1,953
2778,1,952
2780,1,951
2783,1,950
2787,1,949
2791,1,948
2793,1,947
2794,1,946
2798,1,945
2801,1,944
2802,1,943
2805,1,942
2808,1,941
2814,3,940
2815,1,937
2819,2,936
2824,1,934
2826,1,933
2827,1,932
2830,1,931
2833,1,930
2835,1,929
2836,1,928
2837,1,927
2838,2,926
2840,1,924
2845,1,923
2848,1,922
2850,1,921
2854,1,920
2856,1,919
2857,1,918
2859,1,917
2862,1,916
2863,2,915
2867,1,913
2868,1,912
2877,2,911
2880,1,909
2883,1,908
2885,1,907
2886,1,906
2888,1,905
2890,3,904
2893,1,901
2896,1,900
2898,2,899
2901,1,897
2902,1,896
2906,1,895
2908,1,894
2909,1,893
2917,1,892
2924,1,891
2929,1,890
2933,1,889
2939,1,888
2940,1,887
2942,1,886
2948,1,885
2949,1,884
2951,1,883
2952,2,882
2955,2,880
2957,1,878
2958,1,877
2960,2,876
2962,1,874
2966,1,873
2969,1,872
2970,1,871
2971,1,870
2974,1,869
2977,1,868
2978,1,867
2979,1,866
2980,1,865
2983,3,864
2986,1,861
2988,1,860
2989,1,859
2992,1,858
2993,1,857
2994,1,856
2997,1,855
3001,1,854
3003,2,853
3008,1,851
3012,2,850
3014,1,848
3018,1,847
3024,1,846
3028,2,845
3029,1,843
3031,1,842
3034,1,841
3036,1,840
3043,1,839
3046,2,838
3048,1,836
3049,1,835
3050,1,834
3054,1,833
3063,1,832
3070,1,831
3079,1,830
3091,1,829
3093,2,828
3095,1,826
3101,1,825
3105,1,824
3106,1,823
3107,2,822
3108,1,820
3115,1,819
3117,2,818
3122,1,816
3124,1,815
3127,1,814
3128,1,813
3130,2,812
3132,1,810
3136,2,809
3140,2,807
3141,1,805
3143,1,804
3150,1,803
3153,3,802
3154,1,799
3157,1,798
3166,2,797
3168,1,795
3171,2,794
3176,1,792
3178,1,791
3181,1,790
3182,1,789
3186,1,788
3189,1,787
3194,2,786
3202,1,784
3203,1,783
3208,2,782
3211,1,780
3220,1,779
3224,1,778
3230,4,777
3237,1,773
3243,1,772
3244,1,771
3260,1,770
3265,1,769
3272,1,768
3274,1,767
3281,1,766
3286,1,765
3287,1,764
3288,1,763
3293,1,762
3294,1,761
3302,1,760
3303,1,759
3304,1,758
3305,1,757
3306,1,756
3308,1,755
3309,1,754
3310,1,753
3311,1,752
3314,1,751
3318,1,750
3322,1,749
3331,2,748
3336,1,746
3339,2,745
3340,1,743
3344,1,742
3345,1,741
3350,2,740
3353,1,738
3355,1,737
3358,1,736
3359,1,735
3364,1,734
3365,1,733
3380,1,732
3392,1,731
3393,1,730
3401,1,729
3408,3,728
3411,1,725
3412,1,724
3413,1,723
3420,1,722
3421,1,721
3425,1,720
3426,1,719
3430,1,718
3434,1,717
3436,1,716
3448,1,715
3452,1,714
3455,1,713
3460,1,712
3461,1,711
3470,1,710
3472,1,709
3473,1,708
3476,1,707
3477,1,706
3478,1,705
3480,2,704
3486,1,702
3487,2,701
3490,1,699
3492,1,698
3498,1,697
3500,2,696
3501,1,694
3503,2,693
3508,1,691
3512,1,690
3513,2,689
3521,1,687
3528,1,686
3534,1,685
3538,2,684
3539,1,682
3541,1,681
3544,1,680
3549,1,679
3551,1,678
3553,1,677
3557,2,676
3563,1,674
3565,1,673
3566,1,672
3570,1,671
3572,2,670
3573,1,668
3578,1,667
3583,1,666
3587,2,665
3590,1,663
3594,1,662
3606,1,661
3616,1,660
3619,1,659
3620,1,658
3621,1,657
3622,1,656
3635,1,655
3636,1,654
3638,1,653
3655,2,652
3658,1,650
3661,1,649
3662,1,648
3668,2,647
3671,1,645
3674,1,644
3677,1,643
3678,3,642
3680,1,639
3688,3,638
3700,1,635
3706,1,634
3707,1,633
3708,2,632
3713,1,630
3714,1,629
3716,1,628
3719,1,627
3726,1,626
3733,1,625
3737,2,624
3739,1,622
3740,1,621
3742,1,620
3744,1,619
3745,1,618
3752,1,617
3766,1,616
3768,1,615
3770,1,614
3778,1,613
3780,1,612
3789,1,611
3801,1,610
3806,1,609
3809,1,608
3813,1,607
3815,1,606
3816,1,605
3821,1,604
3828,1,603
3837,1,602
3838,1,601
3839,1,600
3844,1,599
3851,1,598
3857,1,597
3865,1,596
3867,1,595
3872,1,594
3874,1,593
3878,1,592
3880,1,591
3882,1,590
3884,1,589
3889,1,588
3908,1,587
3915,1,586
3918,1,585
3921,2,584
3923,1,582
3933,1,581
3934,1,580
3937,1,579
3940,1,578
3944,1,577
3955,1,576
3961,1,575
3964,1,574
3967,1,573
3970,1,572
3971,1,571
3982,1,570
3985,1,569
3991,3,568
3994,1,565
3995,1,564
4007,1,563
4008,1,562
4013,1,561
4017,1,560
4026,1,559
4029,1,558
4051,1,557
4057,1,556
4058,1,555
4062,1,554
4070,1,553
4072,1,552
4076,1,551
4091,1,550
4094,1,549
4095,1,548
4096,2,547
4102,1,545
4107,1,544
4113,1,543
4114,1,542
4115,1,541
4123,1,540
4132,1,539
4145,1,538
4150,1,537
4159,1,536
4163,2,535
4166,1,533
4179,1,532
4188,1,531
4192,1,530
4195,1,529
4207,1,528
4223,1,527
4228,1,526
4237,1,525
4239,1,524
4248,1,523
4252,1,522
4257,1,521
4277,1,520
4283,1,519
4286,1,518
4301,1,517
4329,1,516
4337,1,515
4338,1,514
4351,2,513
4358,1,511
4374,2,510
4377,1,508
4378,1,507
4386,1,506
4398,1,505
4399,1,504
4403,2,503
4411,1,501
4413,1,500
4414,2,499
4416,1,497
4425,1,496
4428,2,495
4429,1,493
4436,1,492
4437,1,491
4446,1,490
4449,1,489
4450,1,488
4455,1,487
4465,2,486
4477,1,484
4491,1,483
4501,2,482
4509,1,480
4513,1,479
4516,1,478
4545,1,477
4546,1,476
4551,1,475
4552,1,474
4563,1,473
4569,1,472
4570,1,471
4583,1,470
4591,1,469
4601,1,468
4619,1,467
4633,1,466
4634,1,465
4662,1,464
4682,2,463
4688,1,461
4718,2,460
4724,1,458
4739,1,457
4740,2,456
4764,1,454
4773,1,453
4778,1,452
4796,1,451
4803,1,450
4806,2,449
4819,1,447
4823,1,446
4825,1,445
4826,1,444
4832,1,443
4836,1,442
4842,1,441
4853,1,440
4859,1,439
4864,1,438
4877,1,437
4879,1,436
4893,1,435
4910,1,434
4916,1,433
4924,1,432
4927,1,431
4928,2,430
4929,1,428
4939,1,427
4947,1,426
4959,1,425
4964,1,424
4972,1,423
4977,1,422
4980,1,421
4981,1,420
4984,1,419
4991,1,418
4999,1,417
5001,1,416
5003,1,415
5007,1,414
5018,1,413
5019,1,412
5039,1,411
5047,1,410
5057,1,409
5073,1,408
5094,1,407
5100,1,406
5111,1,405
5114,1,404
5121,1,403
5133,1,402
5165,1,401
5166,1,400
5168,1,399
5169,1,398
5176,1,397
5177,1,396
5178,1,395
5179,1,394
5204,1,393
5225,1,392
5229,1,391
5246,1,390
5248,1,389
5272,1,388
5288,1,387
5292,1,386
5295,1,385
5296,1,384
5298,1,383
5299,1,382
5304,1,381
5314,1,380
5316,1,379
5328,1,378
5342,2,377
5344,1,375
5348,1,374
5350,1,373
5356,1,372
5360,1,371
5368,1,370
5369,1,369
5373,1,368
5375,1,367
5417,2,366
5418,1,364
5428,1,363
5432,1,362
5436,1,361
5441,1,360
5443,1,359
5456,1,358
5462,2,357
5464,1,355
5465,2,354
5467,1,352
5471,1,351
5473,1,350
5497,1,349
5512,1,348
5518,1,347
5521,1,346
5526,1,345
5555,1,344
5556,1,343
5572,1,342
5597,1,341
5602,1,340
5603,1,339
5609,1,338
5610,1,337
5618,1,336
5619,1,335
5629,1,334
5634,1,333
5656,1,332
5660,1,331
5673,1,330
5678,1,329
5679,1,328
5684,1,327
5695,1,326
5702,1,325
5723,1,324
5729,1,323
5732,1,322
5733,1,321
5735,1,320
5774,1,319
5786,1,318
5793,1,317
5807,1,316
5811,1,315
5813,1,314
5817,1,313
5830,1,312
5831,1,311
5854,1,310
5857,1,309
5884,1,308
5892,1,307
5936,1,306
5937,1,305
5947,1,304
5957,1,303
5959,2,302
5964,1,300
5968,1,299
5976,1,298
5985,1,297
5990,1,296
6021,1,295
6027,1,294
6037,1,293
6066,1,292
6087,1,291
6100,1,290
6134,1,289
6144,1,288
6189,1,287
6192,1,286
6209,1,285
6211,1,284
6213,1,283
6218,1,282
6229,1,281
6234,1,280
6238,1,279
6248,1,278
6256,1,277
6272,1,276
6299,1,275
6303,1,274
6342,1,273
6372,1,272
6373,1,271
6397,1,270
6418,1,269
6431,1,268
6453,1,267
6470,1,266
6475,1,265
6478,1,264
6515,1,263
6536,1,262
6555,1,261
6557,1,260
6579,1,259
6608,1,258
6616,1,257
6663,1,256
6678,1,255
6706,1,254
6710,1,253
6760,2,252
6781,1,250
6798,1,249
6799,1,248
6813,1,247
6814,1,246
6816,1,245
6817,1,244
6864,1,243
6874,1,242
6886,1,241
6927,1,240
6931,1,239
6934,1,238
6954,1,237
6963,1,236
6969,1,235
7017,1,234
7018,1,233
7019,2,232
7031,1,230
7057,1,229
7073,1,228
7076,1,227
7081,1,226
7082,1,225
7097,1,224
7098,1,223
7102,1,222
7105,1,221
7110,1,220
7124,1,219
7180,1,218
7208,1,217
7216,1,216
7242,1,215
7249,1,214
7267,1,213
7283,1,212
7285,1,211
7292,1,210
7337,1,209
7359,1,208
7367,1,207
7420,2,206
7468,1,204
7490,1,203
7493,1,202
7532,1,201
7534,1,200
7545,1,199
7562,1,198
7606,1,197
7647,1,196
7669,1,195
7703,1,194
7729,1,193
7880,1,192
7908,1,191
7927,1,190
7940,1,189
7969,1,188
7975,1,187
8006,1,186
8011,2,185
8035,1,183
8036,1,182
8048,1,181
8066,1,180
8072,1,179
8075,1,178
8096,1,177
8104,1,176
8114,1,175
8153,1,174
8154,1,173
8165,1,172
8166,1,171
8197,1,170
8204,1,169
8206,1,168
8247,1,167
8257,1,166
8270,1,165
8297,1,164
8343,1,163
8371,1,162
8374,1,161
8437,1,160
8459,1,159
8494,1,158
8510,1,157
8547,1,156
8551,1,155
8552,1,154
8564,1,153
8590,1,152
8607,1,151
8647,1,150
8671,1,149
8747,1,148
8802,1,147
8864,1,146
8903,1,145
8933,1,144
8984,1,143
9001,1,142
9077,1,141
9176,1,140
9222,1,139
9290,1,138
9309,1,137
9317,1,136
9334,1,135
9347,1,134
9406,1,133
9426,1,132
9435,1,131
9462,1,130
9467,1,129
9479,1,128
9485,1,127
9691,1,126
9701,1,125
9711,1,124
9837,1,123
9868,1,122
9894,1,121
9925,1,120
9975,1,119
10023,1,118
10024,1,117
10115,1,116
10157,1,115
10270,1,114
10276,1,113
10282,1,112
10404,1,111
10421,1,110
10442,1,109
10528,1,108
10624,1,107
10770,1,106
10786,1,105
10826,1,104
10844,1,103
10889,1,102
10953,1,101
10962,1,100
11052,1,99
11223,1,98
11288,1,97
11299,1,96
11330,1,95
11341,1,94
11400,1,93
11428,1,92
11571,1,91
11673,1,90
11701,1,89
11721,1,88
11738,1,87
11779,1,86
11959,1,85
11980,1,84
12070,1,83
12302,1,82
12329,1,81
12332,1,80
12504,1,79
12518,1,78
12572,1,77
12672,1,76
12909,1,75
12913,1,74
12935,1,73
12950,1,72
13084,1,71
13100,1,70
13116,1,69
13228,1,68
13348,1,67
13431,1,66
13540,1,65
13562,1,64
13635,1,63
13922,1,62
13959,1,61
14041,1,60
14562,1,59
14624,1,58
14851,1,57
14935,1,56
15331,1,55
15580,1,54
15631,1,53
16004,1,52
16025,1,51
16114,1,50
16126,1,49
16245,1,48
16269,1,47
16903,1,46
16976,1,45
17274,1,44
17493,1,43
17593,1,42
17628,1,41
17909,1,40
18284,1,39
18452,1,38
18510,1,37
19057,1,36
19266,1,35
19276,1,34
20226,1,33
20389,1,32
20533,1,31
21558,1,30
22362,1,29
22564,1,28
22683,1,27
22923,1,26
22959,1,25
23106,1,24
23375,1,23
23603,1,22
24683,1,21
24733,1,20
24911,1,19
25769,1,18
26454,1,17
26853,1,16
27758,1,15
31751,1,14
33101,1,13
34135,1,12
34855,1,11
35150,1,10
40395,1,9
45931,1,8
55899,1,7
74626,1,6
93372,1,5
102318,1,4
139115,1,3
222201,1,2
361154,1,1
